type	name
寿司	あわび
寿司	あん肝
寿司	いくら
寿司	いなり寿司
寿司	お新香巻き
寿司	かっぱ巻き
寿司	かつお
寿司	かんぴょう巻き
寿司	しめさば
寿司	しらす
寿司	たこ
寿司	たまご
寿司	たまご焼き
寿司	たまり醤油
寿司	つぶ貝
寿司	とうもろこし
寿司	とびっこ
寿司	とり貝
寿司	とろたく
寿司	なす漬け
寿司	ねぎとろ
寿司	のどぐろ
寿司	ふぐ
寿司	ぶり
寿司	ほや
寿司	アオリイカ
寿司	アジ
寿司	イカ
寿司	イワシ
寿司	ウナギ
寿司	ウニ
寿司	エビ
寿司	エンガワ
寿司	オクラ
寿司	カニミソ
寿司	カルビ
寿司	カワハギ
寿司	カンパチ
寿司	クルアイトート
寿司	コチ
寿司	シーサラダ
寿司	ツナマヨ
寿司	ハマチ
寿司	ハンバーグ
寿司	ヒラメ
寿司	フォーガー
寿司	ホタテ
寿司	ボタンエビ
寿司	マグロ
寿司	マリボー
寿司	ヤリイカ
寿司	中トロ
寿司	大トロ
寿司	天ぷら
寿司	小肌
寿司	山芋
寿司	恵方巻き
寿司	数の子
寿司	月見納豆
寿司	炙りサーモン
寿司	焼き鯖寿司
寿司	煮ハマグリ
寿司	煮ホタテ
寿司	甘エビ
寿司	白子
寿司	真鯛
寿司	マダイ
寿司	石垣貝
寿司	穴子
寿司	納豆
寿司	芽ネギ
寿司	茶碗蒸し
寿司	赤エビ
寿司	赤貝
寿司	鉄火巻き
寿司	鮭
寿司	サーモン
寿司	鯖
寿司	鯛
寿司	黄金イカ
